{
  "studyResourceCategories": [
    {
      "id": "cs_base",
      "name": "C语言程序设计",
      "icon": "💻",
      "resources": [
        {
          "id": 101,
          "title": "翁恺 C 语言程序设计",
          "url": "https://www.bilibili.com/video/BV19W411B7w1",
          "description": "浙大计算机入门必看，永远的神",
          "type": "video",
          "source": "bilibili",
          "tags": ["视频", "B站"],
          "comments": [
            {
              "id": "c101_1",
              "user": "迷途小鲜肉",
              "content": "听懂了，谢谢翁老师！",
              "time": "2023-09-10",
              "likes": 3
            }
          ]
        },
        {
          "id": 102,
          "title": "Python 学习路线图 (知乎)",
          "url": "https://zhuanlan.zhihu.com/p/example",
          "description": "详细的 SQL 和 Python 入门到进阶指南",
          "type": "post",
          "source": "zhihu",
          "tags": ["文章", "知乎"],
          "comments": []
        },
        {
          "id": 103,
          "title": "数据结构与算法基础（浙大）",
          "url": "https://www.bilibili.com/video/BV1JW411S7Q1",
          "description": "适合系统打基础的一套公开课",
          "type": "video",
          "source": "bilibili",
          "tags": ["视频", "B站"],
          "comments": []
        },
        {
          "id": 104,
          "title": "CSAPP 读书笔记（精简版）",
          "url": "https://github.com/example/csapp-notes",
          "description": "抓重点的系统与体系结构笔记",
          "type": "note",
          "source": "github",
          "tags": ["笔记", "GitHub"],
          "comments": []
        },
        {
          "id": 105,
          "title": "操作系统概念速记",
          "url": "https://zhuanlan.zhihu.com/p/os-notes",
          "description": "面向期末的知识点梳理",
          "type": "post",
          "source": "zhihu",
          "tags": ["文章", "知乎"],
          "comments": []
        }
      ]
    },
    {
      "id": "math_public",
      "name": "微积分",
      "icon": "📐",
      "resources": [
        {
          "id": 201,
          "title": "微积分历年卷 (百度网盘)",
          "url": "https://pan.baidu.com/s/example",
          "description": "提取码: zju1，包含近5年真题",
          "type": "file",
          "source": "baidu-pan",
          "tags": ["资源", "网盘"],
          "comments": []
        },
        {
          "id": 202,
          "title": "宋浩老师高数合集",
          "url": "https://www.bilibili.com/video/BV1Eb411u7Fw",
          "description": "哪里不会点哪里，基础救星",
          "type": "video",
          "source": "bilibili",
          "tags": ["视频", "B站"],
          "comments": []
        },
        {
          "id": 203,
          "title": "线性代数速成讲义",
          "url": "https://zhuanlan.zhihu.com/p/linear-algebra",
          "description": "重点公式与例题总结",
          "type": "post",
          "source": "zhihu",
          "tags": ["文章", "知乎"],
          "comments": []
        },
        {
          "id": 204,
          "title": "概率论与数理统计笔记",
          "url": "https://github.com/example/probability-notes",
          "description": "含常见题型与解题模板",
          "type": "note",
          "source": "github",
          "tags": ["笔记", "GitHub"],
          "comments": []
        },
        {
          "id": 205,
          "title": "高数公式与典型题汇总",
          "url": "https://www.bilibili.com/video/BV1fb411a7xM",
          "description": "期末冲刺用的公式清单",
          "type": "video",
          "source": "bilibili",
          "tags": ["视频", "B站"],
          "comments": []
        }
      ]
    },
    {
      "id": "english",
      "name": "大学英语",
      "icon": "📘",
      "resources": [
        {
          "id": 301,
          "title": "大学英语六级词汇精讲",
          "url": "https://www.bilibili.com/video/BV1example",
          "description": "高频词汇与用法总结",
          "type": "video",
          "source": "bilibili",
          "tags": ["视频", "B站"],
          "comments": []
        },
        {
          "id": 302,
          "title": "阅读理解技巧与例题",
          "url": "https://zhuanlan.zhihu.com/p/example-english",
          "description": "快速定位与同义替换技巧",
          "type": "post",
          "source": "zhihu",
          "tags": ["文章", "知乎"],
          "comments": []
        },
        {
          "id": 303,
          "title": "英语写作模板合集",
          "url": "https://github.com/example/english-writing",
          "description": "适配常见话题的写作框架",
          "type": "note",
          "source": "github",
          "tags": ["笔记", "GitHub"],
          "comments": []
        }
      ]
    },
    {
      "id": "engineering_drawing",
      "name": "工程图学",
      "icon": "📐",
      "resources": [
        {
          "id": 401,
          "title": "工程制图基础入门",
          "url": "https://www.bilibili.com/video/BV1drawing1",
          "description": "投影、视图与标注基础",
          "type": "video",
          "source": "bilibili",
          "tags": ["视频", "B站"],
          "comments": []
        },
        {
          "id": 402,
          "title": "零件图读图与识图",
          "url": "https://zhuanlan.zhihu.com/p/example-drawing",
          "description": "常见图样与识图要点",
          "type": "post",
          "source": "zhihu",
          "tags": ["文章", "知乎"],
          "comments": []
        },
        {
          "id": 403,
          "title": "工程制图练习题合集",
          "url": "https://github.com/example/drawing-exercises",
          "description": "含答案解析的练习题",
          "type": "note",
          "source": "github",
          "tags": ["笔记", "GitHub"],
          "comments": []
        }
      ]
    }
  ],
  "sites": [
    {
      "id": 901,
      "title": "学在浙大",
      "url": "https://courses.zju.edu.cn/user/index",
      "description": "课程学习与教学平台",
      "iconUrl": ""
    },
    {
      "id": 902,
      "title": "浙大本科",
      "url": "https://zdbk.zju.edu.cn/",
      "description": "本科教学与培养信息",
      "iconUrl": ""
    },
    {
      "id": 903,
      "title": "智云课堂",
      "url": "https://classroom.zju.edu.cn/",
      "description": "在线课堂与互动平台",
      "iconUrl": ""
    },
    {
      "id": 904,
      "title": "CC98",
      "url": "https://zjuers.com/rd?url=https://www.cc98.org/",
      "description": "浙大社区论坛",
      "iconUrl": ""
    }
  ],
  "userCustomSites": [],
  "studyRoom": {
    "pomodoroConfig": {
      "workDuration": 25,
      "breakDuration": 5,
      "unit": "minutes"
    },
    "onlineStats": {
      "currentUsers": 0,
      "peakToday": 12,
      "note": "这个数字会在前端被随机生成替换，模拟实时在线人数"
    }
  },
  "futureShared": {
    "enabled": false,
    "note": "学习资料的用户投稿未来将同步到后端，实现全员可见"
  }
}
